{"name": "p4", "chi2": 58.69296920603476, "ndf": 67, "fmin": 1500, "fmax": 6985.0, "parameters": [119.2960164839559, 8.411594548131848, -1.7440533214238139, -0.19589446826961102, 0.0], "errors": [190.52547562416106, 1.467988220840854, 1.1966087366936509, 0.25396443445754435, 0.0]}