{"name": "p4", "chi2": 83.75917392152738, "ndf": 86, "fmin": 300, "fmax": 4549.5, "parameters": [0.0016706161659020117, 0.5803578191952778, -6.575625608391963, -0.8003810472863384, 0.0], "errors": [0.001482457202875642, 1.540816512820298, 0.4554274252807731, 0.06186057020690402, 0.0]}