{"name": "p3", "chi2": 20.801704711437463, "ndf": 23, "fmin": 1500, "fmax": 3134.5, "parameters": [6.282270946110912e-10, -29.350490611236427, -9.19774055473319, 0.0, 0.0], "errors": [8.8958164957805e-09, 26.905227530798086, 5.102017795683871, 0.0, 0.0]}