{"name": "p2", "chi2": 41.77413264772664, "ndf": 42, "fmin": 600, "fmax": 3133.5, "parameters": [184.421005435057, 40.084956271981795, 0.0, 0.0, 0.0], "errors": [48.316824343155744, 3.7669272026850313, 0.0, 0.0, 0.0]}