{"name": "p3", "chi2": 16.19697553600189, "ndf": 25, "fmin": 1500, "fmax": 3868.0, "parameters": [1.2540241945279908e-07, -19.472102457403036, -7.3892557806419115, 0.0, 0.0], "errors": [8.81227764696494e-07, 12.37150992879859, 2.6116586124565218, 0.0, 0.0]}