{"name": "p3", "chi2": 29.577964446032986, "ndf": 50, "fmin": 300, "fmax": 2937.0, "parameters": [69.8358743916026, 45.48764758948801, -0.739911936144907, 0.0, 0.0], "errors": [66.41453115502168, 4.9662990226892525, 0.2286217521399307, 0.0, 0.0]}