{"name": "p3", "chi2": 50.361838930456976, "ndf": 56, "fmin": 1500, "fmax": 6225.0, "parameters": [68.0034888868387, 11.037355229505277, -1.251629279430646, 0.0, 0.0], "errors": [66.50083926492131, 1.6481391346176322, 0.3710519163248811, 0.0, 0.0]}