{"name": "p2", "chi2": 38.82719673407257, "ndf": 51, "fmin": 300, "fmax": 2937.0, "parameters": [1535.5767020331423, 61.67454700601602, 0.0, 0.0, 0.0], "errors": [78.64078803016821, 1.3114537011603182, 0.0, 0.0, 0.0]}