{"name": "p4", "chi2": 23.922671050952673, "ndf": 21, "fmin": 300, "fmax": 2189.5, "parameters": [46164.893789536014, 6.742174992419156, 8.26409577086797, 1.663029927593204, 0.0], "errors": [136210.47287907414, 11.576441281476383, 1.280336275238054, 0.2014480508975033, 0.0]}