{"name": "p2", "chi2": 22.098296543714884, "ndf": 21, "fmin": 600, "fmax": 1593.5, "parameters": [5.168782294114962, 13.616434422856944, 0.0, 0.0, 0.0], "errors": [3.7519868865449615, 9.872857920982273, 0.0, 0.0, 0.0]}