{"name": "p2", "chi2": 60.234700021822015, "ndf": 57, "fmin": 1500, "fmax": 6225.0, "parameters": [1883.6749558433369, 16.6770936654906, 0.0, 0.0, 0.0], "errors": [130.23303319029375, 0.3947686400805386, 0.0, 0.0, 0.0]}