{"name": "p2", "chi2": 6.186502972758648, "ndf": 13, "fmin": 500, "fmax": 1149.5, "parameters": [53.99693564231484, 58.72410468762742, 0.0, 0.0, 0.0], "errors": [84.26342906221979, 31.032062913538006, 0.0, 0.0, 0.0]}