{"name": "p5", "chi2": 27.957756528685422, "ndf": 39, "fmin": 300, "fmax": 1763.0, "parameters": [3.2920674530502992e-40, -175.68861365285946, -40.32584414417933, -3.2822735630773177, 0.24172597458578093], "errors": [8.571161624152915e-41, 2.8000067785944953, 0.07720101390252969, 0.021776194585856813, 0.005270314202773526]}