{"name": "p3", "chi2": 57.48835980569568, "ndf": 74, "fmin": 300, "fmax": 4459.0, "parameters": [0.012532626693852794, 10.708000033823984, -5.516323707730081, -0.6561539807957217, 0.0], "errors": [0.003931478034745427, 1.0059509475029416, 0.15318768194742916, 0.02379514585845044, 0.0]}