{"name": "p3", "chi2": 28.358808185027723, "ndf": 43, "fmin": 600, "fmax": 3133.5, "parameters": [2.627167240959578, 15.656979226291606, -1.1174867520974738, 0.0, 0.0], "errors": [8.013280857703226, 9.819595818681154, 0.8662548434248717, 0.0, 0.0]}