{"name": "p2", "chi2": 1.955474676316172e-09, "ndf": 3, "fmin": 500, "fmax": 1084.0, "parameters": [0.9999344570859148, -0.001171061473429394, 0.0, 0.0, 0.0], "errors": [1.6824135122299362, 27.155614503389994, 0.0, 0.0, 0.0]}