{"name": "p4", "chi2": 61.657850094099516, "ndf": 69, "fmin": 300, "fmax": 3201.0, "parameters": [2.064042596241818e-07, -5.769006075810852, -10.935003519533424, -1.3642676154831517, 0.0], "errors": [1.5385197677057606e-07, 1.8582371507135838, 0.3563850507747899, 0.04734859000460555, 0.0]}