{"name": "p2", "chi2": 60.02001919926158, "ndf": 60, "fmin": 300, "fmax": 3788.0, "parameters": [2268.0332188513466, 56.39778039983141, 0.0, 0.0, 0.0], "errors": [80.20204399314139, 0.8709931606364019, 0.0, 0.0, 0.0]}