{"name": "p5alt", "chi2": 53.04913538825641, "ndf": 55, "fmin": 600, "fmax": 3484.5, "parameters": [0.0002281546475424837, 2.0071998263315587, -7.147233587130481, -0.5061236863201776, 0.2268353273188617], "errors": [4.925098841049737e-05, 1.0678945839451421, 0.08338475658826897, 0.02895356710688128, 0.018259674263133956]}