{"name": "p2", "chi2": 48.147943550956334, "ndf": 51, "fmin": 500, "fmax": 3001.5, "parameters": [182.10075907261822, 32.679678515421955, 0.0, 0.0, 0.0], "errors": [20.28585862274113, 1.6609450017130258, 0.0, 0.0, 0.0]}