{"name": "p2", "chi2": 30.833960487130653, "ndf": 36, "fmin": 300, "fmax": 1435.0, "parameters": [1602.4232475319343, 98.0081567678862, 0.0, 0.0, 0.0], "errors": [211.9534845470653, 3.9734375758237457, 0.0, 0.0, 0.0]}