{"name": "p3", "chi2": 23.579926100460977, "ndf": 41, "fmin": 300, "fmax": 3340.5, "parameters": [14.870535683372946, 45.67275206449308, -0.7595764946256139, 0.0, 0.0], "errors": [40.74234050792165, 15.136003523174388, 0.648937717336395, 0.0, 0.0]}