{"name": "p3", "chi2": 79.6555212679297, "ndf": 67, "fmin": 300, "fmax": 3558.5, "parameters": [0.0006630958527834183, 6.293380089968034, -6.277717166092927, -0.6708553948085267, 0.0], "errors": [0.00022054779549086632, 1.3305725345895576, 0.19858104268013932, 0.03561183258260314, 0.0]}