{"name": "p3", "chi2": 1.6030009763960077e-06, "ndf": 2, "fmin": 500, "fmax": 1084.0, "parameters": [1.090941701104171, 0.35404052768486044, 0.022839662859820902, 0.0, 0.0], "errors": [183.88885562193713, 687.0350607464745, 44.23093700505286, 0.0, 0.0]}