{"name": "p3", "chi2": 68.27562201864683, "ndf": 69, "fmin": 300, "fmax": 3201.0, "parameters": [0.004829310203375619, 13.88460313646042, -6.032817609290291, -0.7366832254950566, 0.0], "errors": [0.0007957395636378898, 0.9164607369118235, 0.1401519349427076, 0.028402081391668332, 0.0]}