{"name": "p3", "chi2": 16.19529646581452, "ndf": 25, "fmin": 300, "fmax": 1719.5, "parameters": [1.0515830226251146e-05, -30.79750510802495, -3.524014809285232, 0.0, 0.0], "errors": [3.993625791280213e-05, 17.406685368303744, 0.937953245942335, 0.0, 0.0]}