{"name": "p4", "chi2": 70.04995123053399, "ndf": 67, "fmin": 300, "fmax": 3558.5, "parameters": [3.3063533084057214e-09, -17.46586946457235, -12.227993777665898, -1.4323761156279475, 0.0], "errors": [2.4518259915304028e-09, 1.8347535124952263, 0.3566464931170888, 0.04776086366830966, 0.0]}