{"name": "p3", "chi2": 1.8874731460117483e-06, "ndf": 1, "fmin": 300, "fmax": 961.0, "parameters": [1.0935290492006635, 0.41034429818633317, 0.022414091145430047, 0.0, 0.0], "errors": [7.900299208590171, 41.08067984253828, 1.8329855127655914, 0.0, 0.0]}