{"name": "p2", "chi2": 0.4279716121509025, "ndf": 4, "fmin": 500, "fmax": 1021.5, "parameters": [1.4193581564504416, 4.745706726739655, 0.0, 0.0, 0.0], "errors": [2.376622346676404, 30.047533874103596, 0.0, 0.0, 0.0]}