{"name": "p2", "chi2": 67.31924946951943, "ndf": 72, "fmin": 600, "fmax": 5227.0, "parameters": [1646.984840515755, 22.398408481777565, 0.0, 0.0, 0.0], "errors": [43.53486042723931, 0.2977135780429285, 0.0, 0.0, 0.0]}