{"name": "p2", "chi2": 25.751147523269402, "ndf": 31, "fmin": 600, "fmax": 2689.0, "parameters": [11.126233283868892, 20.11847060843841, 0.0, 0.0, 0.0], "errors": [6.502753486755787, 7.625872105345299, 0.0, 0.0, 0.0]}