{"name": "p3", "chi2": 92.78267758723361, "ndf": 87, "fmin": 600, "fmax": 5990.414213562373, "parameters": [1855.3591622226427, 16.455916072085707, -0.09891957149556906, 0.0, 0.0], "errors": [379.63638822482943, 0.54076175951633, 0.06181588668578609, 0.0, 0.0]}