{"name": "p2", "chi2": 9.738881132757596, "ndf": 19, "fmin": 600, "fmax": 1513.0, "parameters": [14.448302194201545, 28.681548547860956, 0.0, 0.0, 0.0], "errors": [13.059542518936071, 13.532803081915276, 0.0, 0.0, 0.0]}