{"name": "p2", "chi2": 9.223346103167973, "ndf": 15, "fmin": 500, "fmax": 1719.5, "parameters": [6.6502366558671, 19.97925598627996, 0.0, 0.0, 0.0], "errors": [5.339185070627386, 13.903786175192991, 0.0, 0.0, 0.0]}