{"name": "p5", "chi2": 95.39024070883481, "ndf": 62, "fmin": 300, "fmax": 3001.5, "parameters": [1.8545936872391001e-06, 8.71423152984118, -10.394581652589324, -1.472010140603203, -0.030538032591262976], "errors": [1.3345059303821438e-06, 6.835237308842821, 1.7359392679025518, 0.8620882420793521, 0.11335132012188076]}