{"name": "p4", "chi2": 57.071650024523784, "ndf": 74, "fmin": 300, "fmax": 4459.0, "parameters": [0.0018556841014085613, 7.114597984363205, -6.458996740611414, -0.7783174130103908, 0.0], "errors": [0.0026768950439710988, 2.866648419290595, 0.709124176688106, 0.09247735883087206, 0.0]}