{"name": "p3", "chi2": 48.12975738699683, "ndf": 50, "fmin": 500, "fmax": 3001.5, "parameters": [128.9997167071548, 31.428318663925197, -0.09325156741127341, 0.0, 0.0], "errors": [314.3319206864538, 8.974006409166616, 0.658671083318527, 0.0, 0.0]}