{"name": "p3", "chi2": 20.14557860260489, "ndf": 35, "fmin": 300, "fmax": 1435.0, "parameters": [0.026344898803608026, 31.45086483207485, -2.5494028184110467, 0.0, 0.0], "errors": [0.07295830192108006, 16.24871882489523, 0.6462818636328412, 0.0, 0.0]}