{"name": "p3", "chi2": 65.8882529599225, "ndf": 71, "fmin": 600, "fmax": 5227.0, "parameters": [998.1353445518251, 20.992820210227045, -0.1476437291373651, 0.0, 0.0], "errors": [410.86409490708775, 1.1808024022630517, 0.12129189118193591, 0.0, 0.0]}