{"name": "p3", "chi2": 16.193478148348465, "ndf": 28, "fmin": 300, "fmax": 1764.0, "parameters": [0.0001335216267053984, -25.094338890574864, -2.6893394955819074, 0.0, 0.0], "errors": [0.0005172653723735229, 15.664784212143992, 0.9841634349968816, 0.0, 0.0]}