{"name": "p3", "chi2": 19.079569199704896, "ndf": 20, "fmin": 600, "fmax": 1593.5, "parameters": [2.320102101094642e-12, -79.46923807030275, -8.050452784554945, 0.0, 0.0], "errors": [2.503349551987772e-11, 35.60003914202397, 3.043986076514914, 0.0, 0.0]}