{"name": "p3", "chi2": 0.49636079372886177, "ndf": 1, "fmin": 1500, "fmax": 1853.5, "parameters": [1.2122983572430065e-11, -45.17751074301447, -9.410307223617297, 0.0, 0.0], "errors": [1.2418782500042493e-10, 35.647196724252055, 4.048151387330531, 0.0, 0.0]}