{"name": "p2", "chi2": 67.37168743710988, "ndf": 71, "fmin": 500, "fmax": 3948.5, "parameters": [701.8154992742756, 21.00313449827128, 0.0, 0.0, 0.0], "errors": [21.27264381723659, 0.3688616939657577, 0.0, 0.0, 0.0]}