{"name": "p2", "chi2": 32.25522520583529, "ndf": 36, "fmin": 1500, "fmax": 4282.5, "parameters": [1002.8042370516731, 23.64841822416136, 0.0, 0.0, 0.0], "errors": [211.50432017455043, 1.3250387522264184, 0.0, 0.0, 0.0]}