{"name": "p4", "chi2": 63.716643062046224, "ndf": 51, "fmin": 300, "fmax": 3270.0, "parameters": [4.81051590693764e-06, 8.282474303458715, -8.563858790297857, -0.9781454167541028, 0.0], "errors": [1.405719971155817e-06, 3.0317606579370464, 0.2103358088638032, 0.04988686165815892, 0.0]}