{"name": "p3", "chi2": 38.8238372548536, "ndf": 45, "fmin": 600, "fmax": 2749.5, "parameters": [2448.5544055300693, 33.73520460171263, 0.9199699988783119, 0.0, 0.0], "errors": [7783.422734666478, 10.052902417039364, 0.9092217489021674, 0.0, 0.0]}