{"name": "p2", "chi2": 51.0354072769136, "ndf": 50, "fmin": 300, "fmax": 2401.5, "parameters": [2482.0240165440664, 70.04870889451922, 0.0, 0.0, 0.0], "errors": [120.33858932367312, 1.2962071040383145, 0.0, 0.0, 0.0]}