{"name": "p2", "chi2": 0.4288703020554478, "ndf": 5, "fmin": 300, "fmax": 513.5, "parameters": [4.109870864791584, 38.35912244431177, 0.0, 0.0, 0.0], "errors": [7.777770154642266, 60.371718723555205, 0.0, 0.0, 0.0]}