{"name": "p2", "chi2": 78.23326646032245, "ndf": 78, "fmin": 600, "fmax": 6225.0, "parameters": [159.08666183620414, 15.715881613154812, 0.0, 0.0, 0.0], "errors": [9.502187727634356, 0.5847131163526041, 0.0, 0.0, 0.0]}