{"name": "p2", "chi2": 15.165997775126122, "ndf": 17, "fmin": 600, "fmax": 1593.5, "parameters": [12.290558473851249, 26.542838495335197, 0.0, 0.0, 0.0], "errors": [12.88637054659042, 15.841430231836732, 0.0, 0.0, 0.0]}