{"name": "p3", "chi2": 18.36834626637475, "ndf": 25, "fmin": 500, "fmax": 1992.0, "parameters": [1.6199332411175442e-06, -25.842437905016507, -4.73787842056709, 0.0, 0.0], "errors": [7.521204120161376e-06, 17.472377390007654, 1.2469589997100203, 0.0, 0.0]}