{"name": "p3", "chi2": 41.364585248102415, "ndf": 35, "fmin": 600, "fmax": 3001.5, "parameters": [1.0095874067915062e-06, -17.91104645313282, -6.596853539733459, -0.41482867129239764, 0.0], "errors": [1.923241879141019e-06, 7.177063614332538, 1.2034261814967593, 0.287559132007857, 0.0]}