{"name": "p2", "chi2": 39.89806666941132, "ndf": 46, "fmin": 600, "fmax": 2749.5, "parameters": [99.12534428239826, 23.83009622321041, 0.0, 0.0, 0.0], "errors": [12.2897277101938, 1.4808420171473953, 0.0, 0.0, 0.0]}