{"name": "p5", "chi2": 51.7250277281608, "ndf": 55, "fmin": 600, "fmax": 3484.5, "parameters": [9.74608967144335e-28, -52.04387297988427, -49.15193858030093, -12.656602216402863, -1.1608814987280562], "errors": [2.0780615222521235e-28, 1.0921871778110526, 0.08205083484637102, 0.029659141692197504, 0.00845393858204622]}