{"name": "p3", "chi2": 32.19011156096239, "ndf": 35, "fmin": 1500, "fmax": 4282.5, "parameters": [159.9025770490778, 20.12025002571014, -0.6580008126644095, 0.0, 0.0], "errors": [1214.5667438539951, 14.635878581864146, 2.7216530072632796, 0.0, 0.0]}