{"name": "p3", "chi2": 2.352447115461078, "ndf": 8, "fmin": 600, "fmax": 1763.0, "parameters": [2.2790311291255844e-05, -28.74395286553564, -3.268399292986806, 0.0, 0.0], "errors": [0.0002906109198016744, 40.58619838666571, 3.637442139088151, 0.0, 0.0]}