{"name": "p3", "chi2": 65.66753439346785, "ndf": 70, "fmin": 300, "fmax": 3710.5, "parameters": [0.07481559195895426, 15.02369427705624, -4.76165642887581, -0.5760100768909382, 0.0], "errors": [0.028647387574423748, 1.0604180451105438, 0.19987593924322056, 0.030895874697939973, 0.0]}