{"name": "p2", "chi2": 4.200003801675637e-07, "ndf": 2, "fmin": 300, "fmax": 961.0, "parameters": [1.0006873437217603, 0.007634748642498829, 0.0, 0.0, 0.0], "errors": [1.606957398489748, 29.920144419558753, 0.0, 0.0, 0.0]}