{"name": "p2", "chi2": 40.28273585098575, "ndf": 39, "fmin": 300, "fmax": 1763.0, "parameters": [2398.283144899794, 98.17705425319053, 0.0, 0.0, 0.0], "errors": [241.4012211465862, 3.009530271799412, 0.0, 0.0, 0.0]}