{"name": "p3", "chi2": 0.6898175056976318, "ndf": 5, "fmin": 1500, "fmax": 3270.0, "parameters": [0.0005176528186408355, -11.774319272351429, -3.0072305040335827, 0.0, 0.0], "errors": [0.010083021145228585, 33.95724992700921, 7.2677280416614325, 0.0, 0.0]}