{"name": "p3", "chi2": 11.587866539520576, "ndf": 16, "fmin": 300, "fmax": 1022.5, "parameters": [1.6319565229124468e-12, -113.60859825911508, -7.10851837028959, 0.0, 0.0], "errors": [1.4747407459666767e-11, 45.578961769873835, 2.1739096489129115, 0.0, 0.0]}