{"name": "p2", "chi2": 12.6258783404373, "ndf": 17, "fmin": 1500, "fmax": 2689.0, "parameters": [7.502925852117354, 8.717391928600332, 0.0, 0.0, 0.0], "errors": [7.157126412892013, 5.998535904201717, 0.0, 0.0, 0.0]}