{"name": "p2", "chi2": 21.166503984580768, "ndf": 29, "fmin": 300, "fmax": 1764.0, "parameters": [7.067340064944542, 25.878147859413588, 0.0, 0.0, 0.0], "errors": [3.9564836396262226, 12.986995923121503, 0.0, 0.0, 0.0]}