{"name": "p3", "chi2": 13.489917182209526, "ndf": 16, "fmin": 600, "fmax": 1593.5, "parameters": [5.283277818389303e-09, -51.64860983221112, -5.917027394745945, 0.0, 0.0], "errors": [7.75968864273003e-08, 51.090332758438976, 4.076474915184607, 0.0, 0.0]}