{"name": "p2", "chi2": 22.501663137533505, "ndf": 23, "fmin": 600, "fmax": 2241.0, "parameters": [11.626815137389169, 22.90650553429084, 0.0, 0.0, 0.0], "errors": [10.109331863122117, 12.449505370385497, 0.0, 0.0, 0.0]}