{"name": "p3", "chi2": 19.237327444273, "ndf": 22, "fmin": 600, "fmax": 2241.0, "parameters": [8.059808688965564e-07, -32.18093148488706, -4.641837797539284, 0.0, 0.0], "errors": [5.027610009118128e-06, 18.51176567048429, 1.8159547264154263, 0.0, 0.0]}