{"name": "p2", "chi2": 24.85245248014102, "ndf": 42, "fmin": 300, "fmax": 3340.5, "parameters": [368.64201945629384, 63.34395432385362, 0.0, 0.0, 0.0], "errors": [41.23000668652094, 2.9204252273354405, 0.0, 0.0, 0.0]}