{"name": "p2", "chi2": 59.748384781810046, "ndf": 61, "fmin": 600, "fmax": 5124.5, "parameters": [179.6952605759025, 22.39305287690995, 0.0, 0.0, 0.0], "errors": [15.288572648429518, 0.9759210992666997, 0.0, 0.0, 0.0]}