{"name": "p3", "chi2": 58.69296923997555, "ndf": 67, "fmin": 1500, "fmax": 6985.0, "parameters": [119.85976206766576, 8.415814593622937, -1.7405348568316867, -0.19516320136794718, 0.0], "errors": [102.63741978317705, 0.8589558589095474, 0.6278019694686989, 0.1349997557031699, 0.0]}