{"name": "p3", "chi2": 69.99223108460353, "ndf": 77, "fmin": 600, "fmax": 6225.0, "parameters": [16.207840620957835, 9.893326930599482, -0.6927118558368183, 0.0, 0.0], "errors": [12.012242035058296, 1.8792408697041523, 0.22570008360837865, 0.0, 0.0]}