{"name": "p3", "chi2": 83.75917480127157, "ndf": 86, "fmin": 300, "fmax": 4549.5, "parameters": [0.0016723174676486156, 0.5818046917532329, -6.57507710139123, -0.8003038477144173, 0.0], "errors": [0.0009125615867981871, 1.0273132634722046, 0.2781404787628503, 0.03811383322533857, 0.0]}