{"name": "p2", "chi2": 23.453766305460903, "ndf": 26, "fmin": 500, "fmax": 1992.0, "parameters": [144.09551353526788, 52.53238382579658, 0.0, 0.0, 0.0], "errors": [61.832888177163404, 7.9572976611107995, 0.0, 0.0, 0.0]}