{"name": "p5alt", "chi2": 61.04762845149422, "ndf": 50, "fmin": 300, "fmax": 3270.0, "parameters": [2.4951121515241024e-05, -3.1333005403487393, -5.393190142769367, 0.44124280595798815, 0.41028073688014044], "errors": [4.686714839761579e-06, 1.6569312083000909, 0.05847400613674123, 0.016704252091786796, 0.00880764865709213]}