{"name": "p3", "chi2": 64.82559771327355, "ndf": 70, "fmin": 500, "fmax": 3948.5, "parameters": [354.060547797247, 18.96664936565961, -0.19548913292280956, 0.0, 0.0], "errors": [147.8162196958183, 1.2728001511160123, 0.11928017711328075, 0.0, 0.0]}