{"name": "p3", "chi2": 57.208806158157316, "ndf": 60, "fmin": 600, "fmax": 5124.5, "parameters": [17.635664034616198, 15.837115058209458, -0.6837487839480784, 0.0, 0.0], "errors": [24.496245903644382, 3.9480223111437303, 0.4096277439338202, 0.0, 0.0]}