{"name": "p3", "chi2": 0.42801224866996135, "ndf": 3, "fmin": 500, "fmax": 1021.5, "parameters": [1.5503184647562778, 5.142940355400716, 0.02243177628909639, 0.0, 0.0], "errors": [8.69909094714648, 34.15872515311959, 1.4774664691136663, 0.0, 0.0]}