{"name": "p2", "chi2": 23.718470186477116, "ndf": 24, "fmin": 1500, "fmax": 3134.5, "parameters": [94.7774402080436, 20.645348115549382, 0.0, 0.0, 0.0], "errors": [75.08061435339515, 5.0856080783997, 0.0, 0.0, 0.0]}