{"name": "p5", "chi2": 61.30347935150586, "ndf": 34, "fmin": 1500, "fmax": 3948.5, "parameters": [7.063389916566297e-06, -19.73474387443578, 7.574744733911217, 13.759929880416962, 3.4769184010001197], "errors": [4.336349235564971e-06, 1.8821503425845485, 0.320658255265748, 0.16001815350717408, 0.06668154983431229]}