{"name": "p3", "chi2": 21.152688049626455, "ndf": 30, "fmin": 600, "fmax": 2689.0, "parameters": [1.6506607928012524e-05, -22.287527450334892, -3.8431748617732926, 0.0, 0.0], "errors": [7.270130401978986e-05, 12.181169195576556, 1.3076367401037687, 0.0, 0.0]}