{"name": "p3", "chi2": 11.076865280115271, "ndf": 34, "fmin": 600, "fmax": 3867.0, "parameters": [3.9715260915937525e-05, -16.925083030855397, -3.702113617488571, 0.0, 0.0], "errors": [0.00010300157806583878, 5.511048228765835, 0.815664602764823, 0.0, 0.0]}