{"name": "p2", "chi2": 58.29990498683846, "ndf": 52, "fmin": 300, "fmax": 2242.0, "parameters": [1634.3998285575726, 60.768985115779344, 0.0, 0.0, 0.0], "errors": [74.11262569987416, 1.145205941970762, 0.0, 0.0, 0.0]}