{"name": "p2", "chi2": 16.9126230335679, "ndf": 17, "fmin": 300, "fmax": 1022.5, "parameters": [10.709450544987535, 37.33520966430705, 0.0, 0.0, 0.0], "errors": [7.500752483488742, 19.269611016628485, 0.0, 0.0, 0.0]}