{"name": "p2", "chi2": 0.10423421170228017, "ndf": 1, "fmin": 1500, "fmax": 1763.0, "parameters": [164.4394631730399, 36.354687378619616, 0.0, 0.0, 0.0], "errors": [1489.8062949250866, 68.65583163683576, 0.0, 0.0, 0.0]}