{"name": "p5", "chi2": 70.14523173072689, "ndf": 49, "fmin": 500, "fmax": 2937.0, "parameters": [1.6493930254216677e-06, -10.404873040648456, -7.660123490048306, -0.3031993516258211, 0.11767211296217184], "errors": [4.998328206229021e-07, 1.722160123798625, 0.11069674648827288, 0.0376894971453865, 0.010056970648632202]}