{"name": "p2", "chi2": 19.649714203034637, "ndf": 26, "fmin": 1500, "fmax": 3868.0, "parameters": [127.35074445580612, 21.0460823263393, 0.0, 0.0, 0.0], "errors": [85.32096743520448, 4.314501360673559, 0.0, 0.0, 0.0]}