{"name": "p3", "chi2": 44.40747391320286, "ndf": 49, "fmin": 300, "fmax": 2629.5, "parameters": [17.81953996730035, 27.324616023704113, -0.2927829882319382, 0.0, 0.0], "errors": [36.554171899998416, 9.373187367071232, 0.5093402576643976, 0.0, 0.0]}