{"name": "p5alt", "chi2": 95.41201485106322, "ndf": 62, "fmin": 300, "fmax": 3001.5, "parameters": [5.690095098101515e-06, 10.751072350352427, -9.64901886072322, -1.3055864404716437, -0.04074654692107012], "errors": [2.6485310926201643e-06, 5.266327482738674, 0.8729814245680916, 0.4674213074851017, 0.14610856504066777]}