{"name": "p2", "chi2": 83.6052408987663, "ndf": 71, "fmin": 500, "fmax": 4642.5, "parameters": [456.94207266131923, 23.91918759680906, 0.0, 0.0, 0.0], "errors": [20.410212279797843, 0.5785611374088706, 0.0, 0.0, 0.0]}