{"name": "p4", "chi2": 65.48447091815655, "ndf": 70, "fmin": 300, "fmax": 3710.5, "parameters": [0.020708681675469652, 12.575656658699163, -5.3932032722535075, -0.6575614784904721, 0.0], "errors": [0.028533046564511992, 2.769693221113801, 0.6764169177182424, 0.0882187719579674, 0.0]}