{"name": "p2", "chi2": 33.384310089572985, "ndf": 48, "fmin": 300, "fmax": 2811.0, "parameters": [38.54306417454376, 29.09320420720735, 0.0, 0.0, 0.0], "errors": [5.223216665225744, 2.6886949282297006, 0.0, 0.0, 0.0]}