{"name": "p3", "chi2": 8.220506758278997, "ndf": 14, "fmin": 500, "fmax": 1719.5, "parameters": [3.266209401556145e-05, -26.65350916910275, -3.266499661674377, 0.0, 0.0], "errors": [0.0003740023198335919, 40.91734017469771, 3.109471326238972, 0.0, 0.0]}