{"name": "p3", "chi2": 23.951720006392506, "ndf": 21, "fmin": 300, "fmax": 2189.5, "parameters": [38.83847230863961, -5.7884280116768245, 4.761438526336633, 1.2099151377173598, 0.0], "errors": [110.57428649547415, 8.887974156057304, 1.63403964167955, 0.2664775064860265, 0.0]}