{"name": "p3", "chi2": 33.75913760329067, "ndf": 36, "fmin": 600, "fmax": 2938.0, "parameters": [0.034613831856621445, 2.7523826161334837, -2.1300787716266405, 0.0, 0.0], "errors": [0.13510869990421992, 12.667665312497098, 1.1062784950972082, 0.0, 0.0]}