{"name": "p3", "chi2": 47.5347735701959, "ndf": 49, "fmin": 300, "fmax": 2401.5, "parameters": [277.24471745298473, 58.07389007917771, -0.5194096422418931, 0.0, 0.0], "errors": [306.02641503884166, 6.066853263511957, 0.2619768866788048, 0.0, 0.0]}