{"name": "p2", "chi2": 0.43284877461204047, "ndf": 7, "fmin": 300, "fmax": 599.5, "parameters": [1.394830840189933, 8.077692396775857, 0.0, 0.0, 0.0], "errors": [2.011608254185652, 42.10648880043945, 0.0, 0.0, 0.0]}