{"name": "p3", "chi2": 21.88324997903619, "ndf": 39, "fmin": 600, "fmax": 2457.0, "parameters": [0.15048900519784197, 8.93856714397149, -1.8818813008376059, 0.0, 0.0], "errors": [0.5285663847784204, 11.416357811451007, 0.9951367968464395, 0.0, 0.0]}