{"name": "p2", "chi2": 29.822288007164428, "ndf": 44, "fmin": 600, "fmax": 3133.5, "parameters": [135.4499865702082, 28.360541877506584, 0.0, 0.0, 0.0], "errors": [20.32419685592084, 1.9192449045219488, 0.0, 0.0, 0.0]}