{"name": "p3", "chi2": 8.140410467531392, "ndf": 18, "fmin": 600, "fmax": 1513.0, "parameters": [6.491921464707944e-11, -66.18459775690019, -7.1675052345007435, 0.0, 0.0], "errors": [1.193289594463889e-09, 65.26356576866418, 5.072340143861218, 0.0, 0.0]}