{"name": "p3", "chi2": 80.680875096586, "ndf": 70, "fmin": 500, "fmax": 4642.5, "parameters": [133.83535315855505, 20.0529318204024, -0.34542122681477905, 0.0, 0.0], "errors": [92.95382816090289, 2.21736573114834, 0.19550242642613308, 0.0, 0.0]}