{"name": "p3", "chi2": 12.567944735376265, "ndf": 16, "fmin": 1500, "fmax": 2689.0, "parameters": [757203.3084634605, 31.193327807533404, 4.1143416299906415, 0.0, 0.0], "errors": [5241967.921636003, 14.474314081709268, 2.474591409326832, 0.0, 0.0]}