{"name": "p2", "chi2": 24.752927312548184, "ndf": 40, "fmin": 600, "fmax": 2457.0, "parameters": [119.28647995533368, 30.895266338226012, 0.0, 0.0, 0.0], "errors": [23.26296196452992, 2.5903384077489022, 0.0, 0.0, 0.0]}