{"name": "p2", "chi2": 44.71777864133753, "ndf": 50, "fmin": 300, "fmax": 2629.5, "parameters": [57.91030364311809, 32.6179754002631, 0.0, 0.0, 0.0], "errors": [6.568627098037995, 2.2713671136660643, 0.0, 0.0, 0.0]}