{"name": "p5alt", "chi2": 61.46057197276593, "ndf": 34, "fmin": 1500, "fmax": 3948.5, "parameters": [6.142158433445044e-06, -16.025925126724342, -7.567164241982671, 11.739281386510346, 9.075232299157836], "errors": [3.8243750636621655e-06, 1.7427510724388688, 0.32308331224463877, 0.15332040188796806, 0.11179232595285488]}