{"name": "p3", "chi2": 57.96196807368537, "ndf": 51, "fmin": 300, "fmax": 2242.0, "parameters": [3130.4668311406717, 64.25536898289755, 0.15460332820419012, 0.0, 0.0], "errors": [3530.5737932303728, 6.187364467255155, 0.2678071614872914, 0.0, 0.0]}