{"name": "p3", "chi2": 32.421804306124656, "ndf": 47, "fmin": 300, "fmax": 2811.0, "parameters": [3.6227799122692943, 18.189015541310596, -0.5830425120937538, 0.0, 0.0], "errors": [8.162909235491423, 10.367168218319518, 0.5571121286641332, 0.0, 0.0]}