{"name": "p3", "chi2": 55.55568523384095, "ndf": 59, "fmin": 300, "fmax": 3788.0, "parameters": [462.2741001098406, 48.19302240911011, -0.3820098046852333, 0.0, 0.0], "errors": [332.9603342994877, 3.746403295730846, 0.17327277523491885, 0.0, 0.0]}