{"name": "p3", "chi2": 2.924138816786336, "ndf": 12, "fmin": 500, "fmax": 1149.5, "parameters": [4.26624634412073e-18, -139.19451798711123, -11.224677617776019, 0.0, 0.0], "errors": [8.486809147289123e-17, 84.41089437821151, 5.151014447540886, 0.0, 0.0]}