{"name": "p3", "chi2": 32.174361654692454, "ndf": 41, "fmin": 600, "fmax": 3133.5, "parameters": [2.0859567529843526e-05, -15.832708589512368, -4.42347251235012, 0.0, 0.0], "errors": [5.027368538132947e-05, 7.1981938069007, 0.6978276992662801, 0.0, 0.0]}