{"name": "p2", "chi2": 20.082097324362255, "ndf": 35, "fmin": 600, "fmax": 3867.0, "parameters": [20.869387732448597, 27.456894453702557, 0.0, 0.0, 0.0], "errors": [14.030048733062355, 9.18903189476112, 0.0, 0.0, 0.0]}