{"name": "p2", "chi2": 0.771359587502782, "ndf": 6, "fmin": 1500, "fmax": 3270.0, "parameters": [1.6391265171223866, 2.1481171011138196, 0.0, 0.0, 0.0], "errors": [2.207720544616218, 8.10454840381236, 0.0, 0.0, 0.0]}