{"name": "p5alt", "chi2": 28.46874898529643, "ndf": 39, "fmin": 300, "fmax": 1763.0, "parameters": [0.0001131663625261503, -49.59270328683431, 5.076130001335963, 5.413185918224878, 1.7836558366786184], "errors": [2.9675195943018843e-05, 2.7516866242917084, 0.07775152065002508, 0.021632480041659526, 0.011620760487755805]}