{"name": "p3", "chi2": 0.2791993485034871, "ndf": 4, "fmin": 300, "fmax": 513.5, "parameters": [8.351176866473874e-15, -197.99128738859326, -7.556853385786866, 0.0, 0.0], "errors": [6.190057393903956e-14, 74.10506970749645, 1.5262033714266057, 0.0, 0.0]}