{"name": "p4", "chi2": 40.64150423355236, "ndf": 35, "fmin": 600, "fmax": 3001.5, "parameters": [1.4588040978779235e-14, -43.74384818278415, -16.80137899553877, -1.9597283972886679, 0.0], "errors": [3.6348519382939443e-14, 6.09247241992032, 1.6347674869514188, 0.33847985164878164, 0.0]}