{"name": "p3", "chi2": 36.78822148543284, "ndf": 38, "fmin": 300, "fmax": 1763.0, "parameters": [5.820114884122303, 61.12652876406481, -1.3866922322574053, 0.0, 0.0], "errors": [16.34006685484293, 17.178595751577014, 0.6484227049043629, 0.0, 0.0]}