{"name": "p3", "chi2": 0.4146894268607141, "ndf": 6, "fmin": 300, "fmax": 599.5, "parameters": [0.00011250686792123327, -53.165803144941584, -2.143589013764052, 0.0, 0.0], "errors": [0.003455887453782849, 205.27076649802595, 6.9595247533829365, 0.0, 0.0]}