{"name": "p2", "chi2": 95.26882556997333, "ndf": 88, "fmin": 600, "fmax": 5990.414213562373, "parameters": [2573.160882137976, 17.29570843967427, 0.0, 0.0, 0.0], "errors": [38.990916940270125, 0.15171976303835827, 0.0, 0.0, 0.0]}