{"name": "p2", "chi2": 21.000283909618364, "ndf": 26, "fmin": 300, "fmax": 1719.5, "parameters": [36.11142459328144, 56.33141209495989, 0.0, 0.0, 0.0], "errors": [16.414969148108035, 12.575345378532713, 0.0, 0.0, 0.0]}