{"name": "p5alt", "chi2": 70.23381171915742, "ndf": 49, "fmin": 500, "fmax": 2937.0, "parameters": [2.372316432407452e-05, -6.595034285032954, -6.6159861944776495, -0.14869394233220712, 0.29051280015406594], "errors": [7.218557090800526e-06, 1.6654183766547355, 0.11170067151111009, 0.03694096503765779, 0.0220022302107459]}