{"name": "p2", "chi2": 2.666854589657084, "ndf": 9, "fmin": 600, "fmax": 1763.0, "parameters": [2.2248035003635325, 7.653823440259242, 0.0, 0.0, 0.0], "errors": [2.401035237832185, 15.424966904991063, 0.0, 0.0, 0.0]}