{"name": "p2", "chi2": 35.61675927145109, "ndf": 37, "fmin": 600, "fmax": 2938.0, "parameters": [69.58124174128058, 28.30098906893862, 0.0, 0.0, 0.0], "errors": [16.863277803435608, 3.23743792611635, 0.0, 0.0, 0.0]}